{"cameraMode":{"drawMode":0,"name":"Shaded","section":"Shading Mode"},"sceneLighting":true,"audioPlay":false,"sceneViewState":{"showFog":true,"showMaterialUpdate":false,"showSkybox":true,"showFlares":true,"showImageEffects":true,"showParticleSystems":true},"in2DMode":false,"pivot":{"x":1.0401045083999634,"y":3.307551860809326,"z":2.9700584411621095},"rotation":{"x":0.03537420928478241,"y":0.02308620512485504,"z":0.000826355186291039,"w":-0.9991394877433777},"size":10.0,"orthographic":false}